{
  "burst_by_link": {
    "V001->V002": {
      "burst_count": 114,
      "link": "V001->V002",
      "loss_sequence_len": 1999,
      "max_burst_length": 154,
      "mean_burst_length": 14.75438596491228
    },
    "V001->V003": {
      "burst_count": 110,
      "link": "V001->V003",
      "loss_sequence_len": 2067,
      "max_burst_length": 6,
      "mean_burst_length": 1.3363636363636364
    },
    "V002->V001": {
      "burst_count": 117,
      "link": "V002->V001",
      "loss_sequence_len": 1938,
      "max_burst_length": 244,
      "mean_burst_length": 14.264957264957266
    },
    "V002->V003": {
      "burst_count": 127,
      "link": "V002->V003",
      "loss_sequence_len": 2000,
      "max_burst_length": 15,
      "mean_burst_length": 1.3858267716535433
    },
    "V003->V001": {
      "burst_count": 123,
      "link": "V003->V001",
      "loss_sequence_len": 2066,
      "max_burst_length": 3,
      "mean_burst_length": 1.1300813008130082
    },
    "V003->V002": {
      "burst_count": 39,
      "link": "V003->V002",
      "loss_sequence_len": 2020,
      "max_burst_length": 2,
      "mean_burst_length": 1.1282051282051282
    }
  },
  "distance_loss_by_link": {
    "V001->V002": {
      "bins": {
        "0_20m": {
          "count": 1105,
          "loss_rate": 0.8063348416289593,
          "pdr": 0.19366515837104073
        },
        "100m_plus": {
          "count": 0,
          "loss_rate": null,
          "pdr": null
        },
        "20_50m": {
          "count": 902,
          "loss_rate": 0.8858093126385809,
          "pdr": 0.11419068736141907
        },
        "50_100m": {
          "count": 0,
          "loss_rate": null,
          "pdr": null
        }
      },
      "link": "V001->V002"
    },
    "V001->V003": {
      "bins": {
        "0_20m": {
          "count": 2002,
          "loss_rate": 0.06943056943056947,
          "pdr": 0.9305694305694305
        },
        "100m_plus": {
          "count": 0,
          "loss_rate": null,
          "pdr": null
        },
        "20_50m": {
          "count": 64,
          "loss_rate": 0.125,
          "pdr": 0.875
        },
        "50_100m": {
          "count": 0,
          "loss_rate": null,
          "pdr": null
        }
      },
      "link": "V001->V003"
    },
    "V002->V001": {
      "bins": {
        "0_20m": {
          "count": 1086,
          "loss_rate": 0.8397790055248618,
          "pdr": 0.16022099447513813
        },
        "100m_plus": {
          "count": 0,
          "loss_rate": null,
          "pdr": null
        },
        "20_50m": {
          "count": 903,
          "loss_rate": 0.8947951273532668,
          "pdr": 0.10520487264673312
        },
        "50_100m": {
          "count": 0,
          "loss_rate": null,
          "pdr": null
        }
      },
      "link": "V002->V001"
    },
    "V002->V003": {
      "bins": {
        "0_20m": {
          "count": 1781,
          "loss_rate": 0.07523862998315556,
          "pdr": 0.9247613700168444
        },
        "100m_plus": {
          "count": 0,
          "loss_rate": null,
          "pdr": null
        },
        "20_50m": {
          "count": 219,
          "loss_rate": 0.1917808219178082,
          "pdr": 0.8082191780821918
        },
        "50_100m": {
          "count": 0,
          "loss_rate": null,
          "pdr": null
        }
      },
      "link": "V002->V003"
    },
    "V003->V001": {
      "bins": {
        "0_20m": {
          "count": 2003,
          "loss_rate": 0.0664003994008987,
          "pdr": 0.9335996005991013
        },
        "100m_plus": {
          "count": 0,
          "loss_rate": null,
          "pdr": null
        },
        "20_50m": {
          "count": 63,
          "loss_rate": 0.09523809523809523,
          "pdr": 0.9047619047619048
        },
        "50_100m": {
          "count": 0,
          "loss_rate": null,
          "pdr": null
        }
      },
      "link": "V003->V001"
    },
    "V003->V002": {
      "bins": {
        "0_20m": {
          "count": 1795,
          "loss_rate": 0.018941504178273005,
          "pdr": 0.981058495821727
        },
        "100m_plus": {
          "count": 0,
          "loss_rate": null,
          "pdr": null
        },
        "20_50m": {
          "count": 224,
          "loss_rate": 0.044642857142857095,
          "pdr": 0.9553571428571429
        },
        "50_100m": {
          "count": 0,
          "loss_rate": null,
          "pdr": null
        }
      },
      "link": "V003->V002"
    }
  },
  "formation": {
    "avg_spacing_m": 16.726759700029245,
    "formation_class": "moderate",
    "stats": {
      "V001_V002": {
        "count": 1989,
        "max_m": 47.51339248193457,
        "mean_m": 21.204324498459247,
        "median_m": 19.424042459250245,
        "min_m": 12.866688773186493,
        "p95_m": 34.39395925995877
      },
      "V001_V003": {
        "count": 1989,
        "max_m": 23.72592831073043,
        "mean_m": 9.15931925655396,
        "median_m": 9.334926695697037,
        "min_m": 1.3563431550694094,
        "p95_m": 18.363873143816267
      },
      "V002_V003": {
        "count": 2000,
        "max_m": 30.94047771117974,
        "mean_m": 12.318300983704775,
        "median_m": 12.322584955579728,
        "min_m": 4.031922193282019,
        "p95_m": 22.262930981723482
      }
    }
  },
  "inference": {
    "action_counts": {
      "0": 2024,
      "1": 0,
      "2": 0,
      "3": 0
    },
    "action_fraction": {
      "0": 1.0,
      "1": 0.0,
      "2": 0.0,
      "3": 0.0
    },
    "hard_event_window_summary": {
      "action_counts": {
        "0": 15,
        "1": 0,
        "2": 0,
        "3": 0
      },
      "brake_or_higher_rate": 0.0,
      "emergency_rate": 0.0,
      "maintain_rate": 1.0,
      "samples": 15
    },
    "loaded": 1,
    "model_path": "/home/amirkhalifa/RoadSense2/roadsense-v2v/ml/models/runs/run_20260115_210446/model_final.zip"
  },
  "latency_by_link": {
    "V001->V002": {
      "raw_ms": {
        "count": 320,
        "max": -314505.0,
        "mean": -314509.7125,
        "min": -314511.0,
        "p50": -314510.0,
        "p95": -314507.0,
        "p99": -314506.0,
        "std": 1.0497797947926313
      },
      "relative_ms": {
        "count": 320,
        "max": 6.0,
        "mean": 1.2875,
        "min": 0.0,
        "p50": 1.0,
        "p95": 4.0,
        "p99": 5.0,
        "std": 1.0497797947926313
      }
    },
    "V001->V003": {
      "raw_ms": {
        "count": 1931,
        "max": -511305.0,
        "mean": -511311.7767995857,
        "min": -511314.0,
        "p50": -511312.0,
        "p95": -511310.0,
        "p99": -511307.0,
        "std": 1.1776855807773197
      },
      "relative_ms": {
        "count": 1931,
        "max": 8.0,
        "mean": 1.2232004142931123,
        "min": -1.0,
        "p50": 1.0,
        "p95": 3.0,
        "p99": 6.0,
        "std": 1.1776855807773197
      }
    },
    "V002->V001": {
      "raw_ms": {
        "count": 273,
        "max": 314521.0,
        "mean": 314516.47985347983,
        "min": 314515.0,
        "p50": 314516.0,
        "p95": 314517.0,
        "p99": 314517.0,
        "std": 0.5945190658249659
      },
      "relative_ms": {
        "count": 273,
        "max": 6.0,
        "mean": 1.47985347985348,
        "min": 0.0,
        "p50": 1.0,
        "p95": 2.0,
        "p99": 2.0,
        "std": 0.5945190658249659
      }
    },
    "V002->V003": {
      "raw_ms": {
        "count": 1881,
        "max": -196794.0,
        "mean": -196799.08293460924,
        "min": -196801.0,
        "p50": -196799.0,
        "p95": -196797.0,
        "p99": -196797.0,
        "std": 1.0976430748007049
      },
      "relative_ms": {
        "count": 1881,
        "max": 7.0,
        "mean": 1.9170653907496014,
        "min": 0.0,
        "p50": 2.0,
        "p95": 4.0,
        "p99": 4.0,
        "std": 1.0976430748007049
      }
    },